title,category,content
Refund policy,Billing,"Customers can request a full refund within 30 days of purchase by contacting support with their order number. Refunds are returned to the original payment method and usually take 5 to 10 working days to appear on the statement."
Pricing and plans,Billing,"We offer three plans: Starter, Essentials and Pro. Each plan is billed monthly or yearly, and yearly billing includes a discount. You can compare features and upgrade or downgrade at any time from the Settings page."
How to reset your password,Account,"To reset your password, click Forgot password on the login page and enter your registered email. We will send a reset link that stays valid for 24 hours. If the email does not arrive, check your spam folder."
Business hours and support,Support,"Our support team is available Sunday to Friday, 9 AM to 6 PM Nepal time. Messages sent outside these hours are answered the next working day. Urgent issues can be flagged by adding the word urgent in the subject."
Shipping and delivery times,Shipping,"Orders inside Kathmandu Valley are delivered within 1 to 2 working days. Orders outside the valley take 3 to 5 working days. You will receive a tracking number by email as soon as your order is dispatched."
Canceling your subscription,Billing,"You can cancel your subscription at any time from Settings and then Billing. Your plan stays active until the end of the current billing period, and you will not be charged again after cancellation."
Data privacy and security,Security,"We store all customer data on encrypted servers and never sell personal information to third parties. You may request a copy or deletion of your data at any time by emailing our support team."
Installing the chat widget,Setup,"Copy the chat widget script from the Settings page and paste it before the closing body tag of your website. The widget appears within a few minutes. You can change its color and greeting message from the same page."
Inviting team members,Account,"Admins can invite team members from Settings and then Team. Enter their email address and choose a role such as Agent or Team Leader. The invited person receives an email with a link to join your workspace."
Supported payment methods,Billing,"We accept major credit and debit cards, eSewa, Khalti and bank transfer. Payments are processed securely, and a receipt is emailed to you immediately after every successful transaction."