name,phone,email,location,status,source,notes
Aarav Sharma,9853464097,aarav.sharma1@gmail.com,Kathmandu,Cold Lead,Facebook,"Test lead #1 - interested in demo, follow up in 2 days"
Sita Thapa,9862992312,sita.thapa2@gmail.com,Pokhara,Cold Lead,Facebook,"Test lead #2 - interested in demo, follow up in 6 days"
Ram Gurung,9816480894,ram.gurung3@gmail.com,Lalitpur,Cold Lead,Facebook,"Test lead #3 - interested in demo, follow up in 1 days"
Anisha Shrestha,9881924865,anisha.shrestha4@gmail.com,Bhaktapur,Cold Lead,Facebook,"Test lead #4 - interested in demo, follow up in 1 days"
Bikash Karki,9859081935,bikash.karki5@gmail.com,Biratnagar,Cold Lead,Facebook,"Test lead #5 - interested in demo, follow up in 5 days"
Sunita Adhikari,9817784483,sunita.adhikari6@gmail.com,Chitwan,Cold Lead,Facebook,"Test lead #6 - interested in demo, follow up in 5 days"
Prakash Rai,9838816302,prakash.rai7@gmail.com,Butwal,Cold Lead,Facebook,"Test lead #7 - interested in demo, follow up in 1 days"
Nisha Magar,9821535642,nisha.magar8@gmail.com,Dharan,Cold Lead,Facebook,"Test lead #8 - interested in demo, follow up in 4 days"
Rajan Poudel,9866126116,rajan.poudel9@gmail.com,Hetauda,Cold Lead,Facebook,"Test lead #9 - interested in demo, follow up in 1 days"
Pooja Basnet,9842301241,pooja.basnet10@gmail.com,Janakpur,Cold Lead,Facebook,"Test lead #10 - interested in demo, follow up in 1 days"
Suman Sharma,9883960310,suman.sharma11@gmail.com,Kathmandu,Cold Lead,Facebook,"Test lead #11 - interested in demo, follow up in 4 days"
Kiran Thapa,9817933677,kiran.thapa12@gmail.com,Pokhara,Cold Lead,Facebook,"Test lead #12 - interested in demo, follow up in 7 days"
Dipesh Gurung,9885893910,dipesh.gurung13@gmail.com,Lalitpur,Cold Lead,Facebook,"Test lead #13 - interested in demo, follow up in 1 days"
Manisha Shrestha,9839962626,manisha.shrestha14@gmail.com,Bhaktapur,Cold Lead,Facebook,"Test lead #14 - interested in demo, follow up in 6 days"
Sagar Karki,9894212661,sagar.karki15@gmail.com,Biratnagar,Cold Lead,Facebook,"Test lead #15 - interested in demo, follow up in 5 days"
Rina Adhikari,9818302983,rina.adhikari16@gmail.com,Chitwan,Cold Lead,Facebook,"Test lead #16 - interested in demo, follow up in 5 days"
Anil Rai,9888590039,anil.rai17@gmail.com,Butwal,Cold Lead,Facebook,"Test lead #17 - interested in demo, follow up in 4 days"
Sabina Magar,9816655764,sabina.magar18@gmail.com,Dharan,Cold Lead,Facebook,"Test lead #18 - interested in demo, follow up in 2 days"
Nabin Poudel,9816252221,nabin.poudel19@gmail.com,Hetauda,Cold Lead,Facebook,"Test lead #19 - interested in demo, follow up in 5 days"
Gita Basnet,9827874421,gita.basnet20@gmail.com,Janakpur,Cold Lead,Facebook,"Test lead #20 - interested in demo, follow up in 3 days"
Roshan Sharma,9866255890,roshan.sharma21@gmail.com,Kathmandu,Cold Lead,Facebook,"Test lead #21 - interested in demo, follow up in 2 days"
Samjhana Thapa,9882569631,samjhana.thapa22@gmail.com,Pokhara,Cold Lead,Facebook,"Test lead #22 - interested in demo, follow up in 1 days"
Bishal Gurung,9886626738,bishal.gurung23@gmail.com,Lalitpur,Cold Lead,Facebook,"Test lead #23 - interested in demo, follow up in 3 days"
Puja Shrestha,9885196458,puja.shrestha24@gmail.com,Bhaktapur,Cold Lead,Facebook,"Test lead #24 - interested in demo, follow up in 7 days"
Kamal Karki,9834256684,kamal.karki25@gmail.com,Biratnagar,Cold Lead,Facebook,"Test lead #25 - interested in demo, follow up in 1 days"
Laxmi Adhikari,9888061052,laxmi.adhikari26@gmail.com,Chitwan,Cold Lead,Facebook,"Test lead #26 - interested in demo, follow up in 5 days"
Umesh Rai,9895753514,umesh.rai27@gmail.com,Butwal,Cold Lead,Facebook,"Test lead #27 - interested in demo, follow up in 2 days"
Sarita Magar,9859982352,sarita.magar28@gmail.com,Dharan,Cold Lead,Facebook,"Test lead #28 - interested in demo, follow up in 1 days"
Binod Poudel,9883517017,binod.poudel29@gmail.com,Hetauda,Cold Lead,Facebook,"Test lead #29 - interested in demo, follow up in 6 days"
Asmita Basnet,9818427393,asmita.basnet30@gmail.com,Janakpur,Cold Lead,Facebook,"Test lead #30 - interested in demo, follow up in 5 days"
Rohan Sharma,9817999533,rohan.sharma31@gmail.com,Kathmandu,Cold Lead,Facebook,"Test lead #31 - interested in demo, follow up in 5 days"
Mina Thapa,9837643310,mina.thapa32@gmail.com,Pokhara,Cold Lead,Facebook,"Test lead #32 - interested in demo, follow up in 4 days"
Sandip Gurung,9881366283,sandip.gurung33@gmail.com,Lalitpur,Cold Lead,Facebook,"Test lead #33 - interested in demo, follow up in 4 days"
Anjali Shrestha,9852164119,anjali.shrestha34@gmail.com,Bhaktapur,Cold Lead,Facebook,"Test lead #34 - interested in demo, follow up in 4 days"
Hari Karki,9888592782,hari.karki35@gmail.com,Biratnagar,Cold Lead,Facebook,"Test lead #35 - interested in demo, follow up in 4 days"
Sushma Adhikari,9858530762,sushma.adhikari36@gmail.com,Chitwan,Cold Lead,Facebook,"Test lead #36 - interested in demo, follow up in 3 days"
Tek Rai,9843343251,tek.rai37@gmail.com,Butwal,Cold Lead,Facebook,"Test lead #37 - interested in demo, follow up in 7 days"
Reena Magar,9834127884,reena.magar38@gmail.com,Dharan,Cold Lead,Facebook,"Test lead #38 - interested in demo, follow up in 6 days"
Dev Poudel,9842762079,dev.poudel39@gmail.com,Hetauda,Cold Lead,Facebook,"Test lead #39 - interested in demo, follow up in 1 days"
Kabita Basnet,9887097845,kabita.basnet40@gmail.com,Janakpur,Cold Lead,Facebook,"Test lead #40 - interested in demo, follow up in 3 days"
Niraj Sharma,9880490681,niraj.sharma41@gmail.com,Kathmandu,Cold Lead,Facebook,"Test lead #41 - interested in demo, follow up in 4 days"
Alisha Thapa,9856100526,alisha.thapa42@gmail.com,Pokhara,Cold Lead,Facebook,"Test lead #42 - interested in demo, follow up in 6 days"
Sujan Gurung,9870241505,sujan.gurung43@gmail.com,Lalitpur,Cold Lead,Facebook,"Test lead #43 - interested in demo, follow up in 3 days"
Ritu Shrestha,9891733095,ritu.shrestha44@gmail.com,Bhaktapur,Cold Lead,Facebook,"Test lead #44 - interested in demo, follow up in 1 days"
Bibek Karki,9825846520,bibek.karki45@gmail.com,Biratnagar,Cold Lead,Facebook,"Test lead #45 - interested in demo, follow up in 5 days"
Srijana Adhikari,9866119495,srijana.adhikari46@gmail.com,Chitwan,Cold Lead,Facebook,"Test lead #46 - interested in demo, follow up in 2 days"
Prem Rai,9855909953,prem.rai47@gmail.com,Butwal,Cold Lead,Facebook,"Test lead #47 - interested in demo, follow up in 2 days"
Kritika Magar,9875627516,kritika.magar48@gmail.com,Dharan,Cold Lead,Facebook,"Test lead #48 - interested in demo, follow up in 4 days"
Ashish Poudel,9815262308,ashish.poudel49@gmail.com,Hetauda,Cold Lead,Facebook,"Test lead #49 - interested in demo, follow up in 6 days"
Sneha Basnet,9820418044,sneha.basnet50@gmail.com,Janakpur,Cold Lead,Facebook,"Test lead #50 - interested in demo, follow up in 7 days"